<?xml version=1.0 encoding="ISO-8859-1"?>
<estudiantes>
	<estudiante id=1>
		<nombre>Juan Rodríguez</nombre>
		<edad>21</edad>
		<curso>
			<asignatura>Ingienería informática</asignatura>
		</curso>
		<calificacion>90</calificacion>
	</estudiante>
	<estudiante id=2>
		<nombre>Manuel López</nombre>
		<edad>22</edad>
		<curso>
		<primero/>
<!--No se puede poner un nodo texto entre dos elementos distintos-->
		<asignatura>Ingeniería Eléctrica</asignatura>
		</curso>
		<calificación/>
	</estudiante>
	<estudiante id=3>
		<nombre>Antonio Miranda</nombre>
		<edad>20</edad>
		<curso>
			<segundo>F</segundo>
<!--No se puede poner un nodo texto entre dos elementos distintos-->
			<asignatura>Física</asignatura>
		</curso>
		<calificacion>95</calificacion>
<!--A la hora de cerrar un nodo que no está vacio, no se escribe "<estudiante/>", sino "</estudiante>".-->
	</estudiante>
</estudiantes>