<?xml version=1.0 encoding="ISO-8859-1"?>
<vehiculos>
	<vehiculo>
		<marca>ford</marca>
		<modelo>fiesta</modelo>
		<f_fabricacion dia="25" mes="agosto" anio="2010"/>
		<lugar_fabricacion pais="EEUU">
			<localidad>Detroit</localidad>
		</lugar_fabricacion>
		<unidades>25</unidades>
	</vehiculo>
	<vehiculo>
		<marca>Citroen</marca>
		<modelo>C3</modelo>
		<f_fabricacion dia="23" mes="enero" anio="2005"/>
		<lugar_fabricacion pais="España">
			<localidad>Zaragoza</localidad>
		</lugar_fabricacion>
		<unidades>50</unidades>
	</vehiculo>
</vehiculos>