<?xml version=1.0 encoding="ISO-8859-1"?>
<panel_vuelos>
	<vuelos_salida>
		<vuelo cod="V22" diario="SI">
			<info>
				<estado>
		<!--Si la etiqueta está vacía es que no se encuentra en dicho estado-->
					<retrasado>si</retrasado>
					<cancelado/>
				</estado>
				<origen>New York</origen>
				<destino>Chicago</destino>
				<horario>
					<hora_salida>9:30<hora_salida>
					<hora_llegada>11:30<hora_llegada>
				</horario>
			</info>
		</vuelo>
		<vuelo cod="V23" diario="NO">
			<info>
				<estado>
					<retrasado/>
					<cancelado>si<cancelado>
				</estado>
				<origen>New York</origen>
				<destino>Miami</destino>
				<horario>
					<hora_salida>10:15<hora_salida>
					<hora_llegada>11:15<hora_llegada>
				</horario>
			</info>
		</vuelo>
	</vuelos_salida>
</panel_vuelos>